formPart,code6111,category,subcategory,internalCode
A,1010,הכנסות ממכירות ומתן שירותים,מכירות בארץ,6111-1010
A,1015,הכנסות ממכירות ומתן שירותים,הכנסות ממכירת מבנים בקבלן בונה,6111-1015
A,1020,הכנסות ממכירות ומתן שירותים,"מכירות בחו""ל",6111-1020
A,1025,הכנסות ממכירות ומתן שירותים,הכנסה מביצוע עבודות בקבלן מבצע,6111-1025
A,1030,הכנסות ממכירות ומתן שירותים,הכנסות ממתן שירותים בארץ,6111-1030
A,1040,הכנסות ממכירות ומתן שירותים,"הכנסות ממתן שירותים בחו""ל",6111-1040
A,1051,הכנסות ממכירות ומתן שירותים,הכנסות מצדדים קשורים בארץ,6111-1051
A,1052,הכנסות ממכירות ומתן שירותים,"הכנסות מצדדים קשורים בחו""ל",6111-1052
A,1090,הכנסות ממכירות ומתן שירותים,הכנסות אחרות,6111-1090
A,1306,עלות המכירות ומתן השירותים וביצוע עבודות,שכר עבודה,6111-1306
A,1307,עלות המכירות ומתן השירותים וביצוע עבודות,נלוות לשכר עבודה,6111-1307
A,1308,עלות המכירות ומתן השירותים וביצוע עבודות,הוצאות שכר בגין אופציות לעובדים,6111-1308
A,1310,עלות המכירות ומתן השירותים וביצוע עבודות,עבודות חוץ וקבלני משנה,6111-1310
A,1320,עלות המכירות ומתן השירותים וביצוע עבודות,קניות סחורה בארץ,6111-1320
A,1330,עלות המכירות ומתן השירותים וביצוע עבודות,"קניות חומרי גלם וחומרי בנייה בארץ ובחו""ל",6111-1330
A,1340,עלות המכירות ומתן השירותים וביצוע עבודות,"קניות סחורות בחו""ל",6111-1340
A,1350,עלות המכירות ומתן השירותים וביצוע עבודות,הפרשי שער בגין קניות במטבע חוץ,6111-1350
A,1360,עלות המכירות ומתן השירותים וביצוע עבודות,הוצאות לאחריות ולתביעות,6111-1360
A,1371,עלות המכירות ומתן השירותים וביצוע עבודות,קניות מצדדים קשורים בארץ,6111-1371
A,1372,עלות המכירות ומתן השירותים וביצוע עבודות,"קניות מצדדים קשורים בחו""ל",6111-1372
A,1390,עלות המכירות ומתן השירותים וביצוע עבודות,עלויות אחרות,6111-1390
A,1400,עלות המכירות ומתן השירותים וביצוע עבודות,מלאי בתחילת התקופה,6111-1400
A,1450,עלות המכירות ומתן השירותים וביצוע עבודות,מלאי בסוף התקופה,6111-1450
A,2005,עלויות ייצור ועלויות אצל קבלן בונה,מלאי תחילת תקופה,6111-2005
A,2006,עלויות ייצור ועלויות אצל קבלן בונה,הוצאות שכר בגין אופציות לעובדים,6111-2006
A,2011,עלויות ייצור ועלויות אצל קבלן בונה,שכר עבודה,6111-2011
A,2012,עלויות ייצור ועלויות אצל קבלן בונה,נלוות לשכר עבודה,6111-2012
A,2015,עלויות ייצור ועלויות אצל קבלן בונה,עלות קרקעות אצל קבלן בונה,6111-2015
A,2020,עלויות ייצור ועלויות אצל קבלן בונה,עבודות חוץ וקבלני משנה,6111-2020
A,2025,עלויות ייצור ועלויות אצל קבלן בונה,הוצאות אחריות ותביעות,6111-2025
A,2030,עלויות ייצור ועלויות אצל קבלן בונה,הוצאות חרושת וחומרי בנייה,6111-2030
A,2035,עלויות ייצור ועלויות אצל קבלן בונה,הוצאות ציוד מתכלה,6111-2035
A,2040,עלויות ייצור ועלויות אצל קבלן בונה,הוצאות הובלה ואחסנה,6111-2040
A,2045,עלויות ייצור ועלויות אצל קבלן בונה,הוצאות אריזה,6111-2045
A,2050,עלויות ייצור ועלויות אצל קבלן בונה,הוצאות אחזקה ותיקונים,6111-2050
A,2060,עלויות ייצור ועלויות אצל קבלן בונה,ביטוחים,6111-2060
A,2066,עלויות ייצור ועלויות אצל קבלן בונה,אחזקת רכב והובלות (ללא דלק),6111-2066
A,2067,עלויות ייצור ועלויות אצל קבלן בונה,הוצאות דלק (לפני החזרים),6111-2067
A,2068,עלויות ייצור ועלויות אצל קבלן בונה,החזר בלו על דלק,6111-2068
A,2070,עלויות ייצור ועלויות אצל קבלן בונה,דמי שכירות וניהול נכסים,6111-2070
A,2075,עלויות ייצור ועלויות אצל קבלן בונה,מסים ואגרות,6111-2075
A,2080,עלויות ייצור ועלויות אצל קבלן בונה,פחת,6111-2080
A,2085,עלויות ייצור ועלויות אצל קבלן בונה,בגדי עבודה,6111-2085
A,2090,עלויות ייצור ועלויות אצל קבלן בונה,עלויות ייצור אחרות,6111-2090
A,2095,עלויות ייצור ועלויות אצל קבלן בונה,מלאי בסוף תקופה,6111-2095
A,2510,הוצאות מחקר ופיתוח,שכר עבודה,6111-2510
A,2520,הוצאות מחקר ופיתוח,נלוות לשכר עבודה,6111-2520
A,2530,הוצאות מחקר ופיתוח,הוצאות שכר בגין אופציות לעובדים,6111-2530
A,2540,הוצאות מחקר ופיתוח,עבודות חוץ,6111-2540
A,2550,הוצאות מחקר ופיתוח,הוצאות פחת,6111-2550
A,2560,הוצאות מחקר ופיתוח,אחזקת רכב,6111-2560
A,2570,הוצאות מחקר ופיתוח,"תמלוגים בגין מו""פ (בדוגמא למדען הראשי)",6111-2570-1
A,2590,הוצאות מחקר ופיתוח,אחרות,6111-2590
A,3011,הוצאות מכירה,שכר עבודה,6111-3011
A,3012,הוצאות מכירה,נלוות לשכר עבודה,6111-3012
A,3013,הוצאות מכירה,הוצאות שכר בגין אופציות לעובדים,6111-3013
A,3015,הוצאות מכירה,הוצאות הובלה ואחסנה,6111-3015
A,3020,הוצאות מכירה,הוצאות לקבלני משנה,6111-3020
A,3025,הוצאות מכירה,ביטוחים,6111-3025
A,3030,הוצאות מכירה,עמלות ובונוסים לסוכנים עצמאיים,6111-3030
A,3040,הוצאות מכירה,תמלוגים (זכויות הפצה),6111-3040
A,3045,הוצאות מכירה,הוצאות אריזה,6111-3045
A,3050,הוצאות מכירה,הוצאות אחזקה ותיקונים,6111-3050
A,3060,הוצאות מכירה,נסיעות,6111-3060
A,3066,הוצאות מכירה,אחזקת רכב והובלות (ללא דלק),6111-3066
A,3067,הוצאות מכירה,הוצאות דלק (לפני החזרים),6111-3067
A,3068,הוצאות מכירה,החזר בלו על דלק,6111-3068
A,3070,הוצאות מכירה,דמי שכירות וניהול נכסים,6111-3070
A,3075,הוצאות מכירה,"מכסים, ירידים ותערוכות",6111-3075
A,3080,הוצאות מכירה,פחת,6111-3080
A,3085,הוצאות מכירה,בגדי עבודה,6111-3085
A,3090,הוצאות מכירה,חשמל ומים,6111-3090
A,3100,הוצאות מכירה,עמלות וכרטיסי אשראי,6111-3100
A,3120,הוצאות מכירה,פרסום וקידום מכירות,6111-3120
A,3190,הוצאות מכירה,שונות נטו,6111-3190
A,3511,הוצאות הנהלה וכלליות,שכר עבודה,6111-3511
A,3513,הוצאות הנהלה וכלליות,הוצאות שכר בגין אופציות לעובדים,6111-3513
A,3512,הוצאות הנהלה וכלליות,נלוות לשכר עבודה,6111-3512
A,3515,הוצאות הנהלה וכלליות,ביטוחים,6111-3515
A,3520,הוצאות הנהלה וכלליות,עבודות חוץ וקבלני משנה,6111-3520
A,3530,הוצאות הנהלה וכלליות,עמלות ובונוסים לסוכנים,6111-3530
A,3535,הוצאות הנהלה וכלליות,הוצאות ציוד מתכלה,6111-3535
A,3540,הוצאות הנהלה וכלליות,שירותים מקצועיים,6111-3540
A,3545,הוצאות הנהלה וכלליות,הוצאות אריזה,6111-3545
A,3550,הוצאות הנהלה וכלליות,הוצאות אחזקה ותיקונים,6111-3550
A,3560,הוצאות הנהלה וכלליות,נסיעות,6111-3560
A,3566,הוצאות הנהלה וכלליות,אחזקת רכב והובלות (ללא דלק),6111-3566
A,3567,הוצאות הנהלה וכלליות,הוצאות דלק (לפני החזרים),6111-3567
A,3568,הוצאות הנהלה וכלליות,החזר בלו על דלק,6111-3568
A,3570,הוצאות הנהלה וכלליות,דמי שכירות וניהול נכסים,6111-3570
A,3575,הוצאות הנהלה וכלליות,מיסים ואגרות,6111-3575
A,3580,הוצאות הנהלה וכלליות,פחת,6111-3580
A,3590,הוצאות הנהלה וכלליות,חשמל ומים,6111-3590
A,3595,הוצאות הנהלה וכלליות,שמירה וניקיון,6111-3595
A,3600,הוצאות הנהלה וכלליות,השתלמות וספרות מקצועית,6111-3600
A,3610,הוצאות הנהלה וכלליות,חובות מסופקים ואבודים,6111-3610
A,3620,הוצאות הנהלה וכלליות,פרסום וקידום מכירות,6111-3620
A,3625,הוצאות הנהלה וכלליות,"כיבודים, מתנות, תרומות, קנסות",6111-3625
A,3631,הוצאות הנהלה וכלליות,הוצאות בגין צדדים קשורים בארץ,6111-3631
A,3632,הוצאות הנהלה וכלליות,"הוצאות בגין צדדים קשורים בחו""ל",6111-3632
A,3640,הוצאות הנהלה וכלליות,דמי ניהול,6111-3640
A,3650,הוצאות הנהלה וכלליות,הוצאות דואר ותקשורת,6111-3650
A,3660,הוצאות הנהלה וכלליות,"נסיעות לחו""ל",6111-3660
A,3665,הוצאות הנהלה וכלליות,הוצאות משפטיות,6111-3665
A,3680,הוצאות הנהלה וכלליות,משרדיות,6111-3680
A,3685,הוצאות הנהלה וכלליות,בגדי עבודה,6111-3685
A,3690,הוצאות הנהלה וכלליות,שונות נטו וביטולי יתרות,6111-3690
A,5010,הוצאות מימון,לתאגידים בנקאיים,6111-5010
A,5020,הוצאות מימון,לצדדים קשורים בארץ,6111-5020
A,5025,הוצאות מימון,"לצדדים קשורים בחו""ל",6111-5025
A,5030,הוצאות מימון,במטבע חוץ,6111-5030
A,5040,הוצאות מימון,בגין ספקים וזכאים,6111-5040
A,5050,הוצאות מימון,שיערוך נכסים/התחייבויות פיננסיות,6111-5050
A,5051,הוצאות מימון,בגין חוב מס,6111-5051
A,5090,הוצאות מימון,אחרות,6111-5090
A,5110,הכנסות מימון,מתאגידים בנקאיים,6111-5110
A,5121,הכנסות מימון,מצדדים קשורים בארץ,6111-5121
A,5122,הכנסות מימון,"מצדדים קשורים בחו""ל",6111-5122
A,5130,הכנסות מימון,מהפרשי שער,6111-5130
A,5150,הכנסות מימון,שיערוך נכסים/התחייבויות פיננסיות,6111-5150
A,5160,הכנסות מימון,"ריבית מאשראי חריג ממכירת מלאי/רכוש קבוע/נדל""ן",6111-5160
A,5190,הכנסות מימון,אחרות,6111-5190
A,5210,הכנסות אחרות,רווח הון ממימוש רכוש קבוע,6111-5210
A,5220,הכנסות אחרות,רווח הון אחר,6111-5220
A,5230,הכנסות אחרות,הכנסות מדמי ניהול,6111-5230
A,5236,הכנסות אחרות,הכנסות מדמי ניהול מצדדים קשורים בארץ,6111-5236
A,5237,הכנסות אחרות,"הכנסות מדמי ניהול מצדדים קשורים בחו""ל",6111-5237
A,5240,הכנסות אחרות,הכנסות מדיבידנד,6111-5240
A,5250,הכנסות אחרות,הכנסות מהשכרת מבנים וקרקעות,6111-5250
A,5260,הכנסות אחרות,הכנסות מתמלוגים,6111-5260
A,2570,הכנסות אחרות,הכנסות/מענקים (לדוגמא מהמדען הראשי),6111-2570-2
A,5290,הכנסות אחרות,שונות,6111-5290
A,5310,הוצאות אחרות,הפסד הון ממימוש רכוש קבוע,6111-5310
A,5320,הוצאות אחרות,הפסד הון אחר,6111-5320
A,5330,הוצאות אחרות,הפרשה לירידת ערך,6111-5330
A,5390,הוצאות אחרות,שונות,6111-5390
A,5610,מסים על הכנסה,מסים שוטפים,6111-5610
A,5620,מסים על הכנסה,מסים נדחים,6111-5620
A,5630,מסים על הכנסה,מסים בגין שנים קודמות,6111-5630
A,5710,ייעוד הרווחים,דיבידנד לחלוקה,6111-5710
A,5810,רווח/הפסד אקויטי,רווח/הפסד אקויטי,6111-5810
B,100,נתוני דוח התאמה למס,רווח/הפסד לפני מסים (מועבר משדה 6666),6111-100
B,104,נתוני דוח התאמה למס,רווח/הפסד חשבונאי לפי תקני דיווח ישראליים (ללא תקן 29),6111-104
B,400,נתוני דוח התאמה למס,הכנסה חייבת לפני יישום הוראות חוק נוספות,6111-400
B,103,התאמות חשבונאיות למי שיישם את חלופה 2 בהוראות ביצוע 7/2010 בנושא IFRS,סך התאמות חשבונאיות בעקבות השלכות IFRS,6111-103
B,110,התאמות נדרשות לצרכי מס (הוסף/הפחת),הוצאות עודפות,6111-110
B,120,התאמות נדרשות לצרכי מס (הוסף/הפחת),פחת בספרים,6111-120
B,130,התאמות נדרשות לצרכי מס (הוסף/הפחת),פחת לצרכי מס,6111-130
B,135,התאמות נדרשות לצרכי מס (הוסף/הפחת),הכנסות/הוצאות משיערוך נכסים/התחייבויות פיננסיות,6111-135
B,140,התאמות נדרשות לצרכי מס (הוסף/הפחת),עלייה/ירידה בהפרשה לחובות מסופקים,6111-140
B,150,התאמות נדרשות לצרכי מס (הוסף/הפחת),עלייה/ירידה בהפרשה לחופשה והבראה,6111-150
B,160,התאמות נדרשות לצרכי מס (הוסף/הפחת),עלייה/ירידה בעתודה נטו לפיצויים,6111-160
B,170,התאמות נדרשות לצרכי מס (הוסף/הפחת),רווח/הפסד הון ממימוש רכוש קבוע,6111-170
B,180,התאמות נדרשות לצרכי מס (הוסף/הפחת),רווחים/הפסדים שנצברו על ניירות ערך סחירים,6111-180
B,181,התאמות נדרשות לצרכי מס (הוסף/הפחת),הוצאות בגין אופציות לעובדים,6111-181
B,182,התאמות נדרשות לצרכי מס (הוסף/הפחת),הוצאות מימון בגין חוב מס,6111-182
B,183,התאמות נדרשות לצרכי מס (הוסף/הפחת),הוצאות בגין תרומות,6111-183
B,184,התאמות נדרשות לצרכי מס (הוסף/הפחת),"הפחתה בגין השקעה במניות ""חברה מזכה""",6111-184
B,190,התאמות נדרשות לצרכי מס (הוסף/הפחת),הוצאות אחרות לתיאום,6111-190
B,200,התאמות נדרשות לצרכי מס (הוסף/הפחת),הכנסות אחרות לתיאום,6111-200
B,300,התאמות נדרשות לצרכי מס (הוסף/הפחת),חלק ברווח/הפסדי עסקה משותפת בספרים,6111-300
B,310,התאמות נדרשות לצרכי מס (הוסף/הפחת),הוצאות שיוחסו השנה לפי סעיף 18(ד) לפקודה,6111-310
B,320,התאמות נדרשות לצרכי מס (הוסף/הפחת),הפחתה/הוספה להכנסה החייבת עקב הפרשים בין רווח/הפסד חשבונאי לרווח לפי סעיף 18(ד) לפקודה בניכוי בשנת המס,6111-320
B,330,התאמות נדרשות לצרכי מס (הוסף/הפחת),הפחתה/הוספה להכנסה החייבת בגין רווח/הפסד חשבונאי לרווח לפי סעיף 8(א) לפקודה,6111-330
B,350,התאמות נדרשות לצרכי מס (הוסף/הפחת),חלק ברווח/הפסדי עסקה משותפת לצורכי מס,6111-350
B,360,התאמות נדרשות לצרכי מס (הוסף/הפחת),השפעת הדיווח לפי התקנות הדולריות,6111-360
B,383,התאמות חשבונאיות למי שיישם את חלופה 3 בהוראות ביצוע 7/2010 בנושא IFRS שלא מצאו ביטוין בהתאמות הנדרשות לצרכי מס,סך התאמות חשבונאיות בעקבות השלכות IFRS,6111-383
B,430,יישום הוראות חוקי מס נוספים,ניכוי בשל פחת,6111-430
B,480,יישום הוראות חוקי מס נוספים,הפסדים משנים קודמות,6111-480
B,490,יישום הוראות חוקי מס נוספים,הכנסה חייבת/הפסד חברה מאוחדת לפי חוק עידוד התעשייה מסים,6111-490
B,510,נתונים נוספים,"הכנסה חייבת במס בשיעור מיוחד (העבר לשדה מתאים בדו""ח השנתי)",6111-510
B,520,נתונים נוספים,רווח הון ריאלי,6111-520
B,530,נתונים נוספים,רווח הון אינפלציוני,6111-530
B,540,נתונים נוספים,שבח מקרקעין,6111-540
B,550,נתונים נוספים,הפסד הון להעברה,6111-550
B,570,נתונים נוספים,הפסד ריאלי מניירות ערך משנת 2005,6111-570
B,575,נתונים נוספים,הכנסה פטורה ממפעל מאושר במסלול החלופי/ממפעל מוטב בשנת המס,6111-575
B,580,נתונים נוספים,יתרת הכנסה שהופטרה במסלול חלופי/במפעל מוטב וטרם חולקה,6111-580
B,585,נתונים נוספים,"סה""כ דיבידנד שחולק",6111-585
B,590,נתונים נוספים,מס חברות בגין חלוקת דיבידנד מהכנסה פטורה במסלול החלופי/ממפעל מוטב,6111-590
B,600,בשותפות,חלקי % בהכנסה חייבת/הפסד מהשותפות (העבר/י לשדות המתאימים בטפסים 1301 או 1214),6111-600
C,7110,מזומנים ושווי מזומנים,שקלים,6111-7110
C,7120,מזומנים ושווי מזומנים,מטבע חוץ,6111-7120
C,7150,מזומנים ושווי מזומנים,פקדונות לזמן קצר,6111-7150
C,7215,ניירות ערך,אגרות חוב המוצגות לפי עלות מופחתת (ריבית אפקטיבית),6111-7215
C,7225,ניירות ערך,אגרות חוב המוצגות לפי שווי הוגן,6111-7225
C,7230,ניירות ערך,קרנות נאמנות,6111-7230
C,7290,ניירות ערך,ניירות ערך סחירים אחרים,6111-7290
C,7295,ניירות ערך,"ני""ע שאינם סחירים",6111-7295
C,7310,לקוחות,לקוחות בישראל,6111-7310
C,7320,לקוחות,"לקוחות בחו""ל",6111-7320
C,7330,לקוחות,שטרות והמחאות לקבל,6111-7330
C,7350,לקוחות,הכנסות לקבל,6111-7350
C,7360,לקוחות,כרטיסי אשראי,6111-7360
C,7380,לקוחות,הפרשה לחובות מסופקים,6111-7380
C,7390,לקוחות,לקוחות אחרים,6111-7390
C,7410,חייבים ויתרות חובה,מקדמות לספקים ואחרים,6111-7410
C,7420,חייבים ויתרות חובה,הוצאות מראש,6111-7420
C,7430,חייבים ויתרות חובה,מס הכנסה מקדמות בניכוי הפרשות,6111-7430
C,7440,חייבים ויתרות חובה,מוסדות ממשלתיים אחרים,6111-7440
C,7450,חייבים ויתרות חובה,בעלי מניות (במישרין),6111-7450
C,7461,חייבים ויתרות חובה,צדדים קשורים בארץ,6111-7461
C,7462,חייבים ויתרות חובה,"צדדים קשורים בחו""ל",6111-7462
C,7470,חייבים ויתרות חובה,עובדים,6111-7470
C,7490,חייבים ויתרות חובה,חייבים אחרים ויתרות חובה,6111-7490
C,7610,מסים נדחים לזמן קצר,בגין עובדים,6111-7610
C,7620,מסים נדחים לזמן קצר,בגין הכנסות לקבל,6111-7620
C,7690,מסים נדחים לזמן קצר,מסים נדחים לזמן קצר אחרים,6111-7690
C,7711,הלוואות לזמן קצר,הלוואות לצדדים קשורים בארץ,6111-7711
C,7712,הלוואות לזמן קצר,"הלוואות לצדדים קשורים בחו""ל",6111-7712
C,7720,הלוואות לזמן קצר,הלוואות לאחרים,6111-7720
C,7805,מלאי,מלאי שטחי מסחר ותעשיה למכירה,6111-7805
C,7810,מלאי,מלאי במחסני החברה,6111-7810
C,7815,מלאי,מלאי דירות,6111-7815
C,7820,מלאי,מלאי במחסני ערובה,6111-7820
C,7825,מלאי,מלאי בניינים בהקמה ועבודות בביצוע - עלות ישירה,6111-7825
C,7830,מלאי,מלאי בדרך,6111-7830
C,7840,מלאי,מלאי במשגור,6111-7840
C,7850,מלאי,מלאי בתהליך,6111-7850
C,7860,מלאי,מלאי חומרי גלם,6111-7860
C,7870,מלאי,עבודות בביצוע לרבות עלויות שהוונו,6111-7870
C,7890,מלאי,מלאי אחר,6111-7890
C,8010,רכוש קבוע,קרקע ובניינים,6111-8010
C,8020,רכוש קבוע,שיפורים במושכר,6111-8020
C,8025,רכוש קבוע,"שיערוך נדל""ן להשקעה כנגד רווח והפסד",6111-8025
C,8030,רכוש קבוע,מכונות וציוד,6111-8030
C,8040,רכוש קבוע,כלי רכב,6111-8040
C,8050,רכוש קבוע,מחשבים וציוד עיבוד נתונים,6111-8050
C,8060,רכוש קבוע,רהיטים ואביזרים,6111-8060
C,8080,רכוש קבוע,מלאי בסיסי,6111-8080
C,8090,רכוש קבוע,רכוש קבוע אחר,6111-8090
C,8095,רכוש קבוע,עלויות עוקבות,6111-8095
C,8100,רכוש קבוע,אומדן עלות סילוק ופינוי,6111-8100
C,8105,רכוש קבוע,היוון עלויות אשראי,6111-8105
C,8110,רכוש קבוע,פחת שנצבר בניינים,6111-8110
C,8120,רכוש קבוע,פחת שנצבר שיפורים במושכר,6111-8120
C,8130,רכוש קבוע,פחת שנצבר מכונות וציוד,6111-8130
C,8140,רכוש קבוע,פחת שנצבר כלי רכב,6111-8140
C,8150,רכוש קבוע,פחת שנצבר מחשבים וציוד עיבוד נתונים,6111-8150
C,8160,רכוש קבוע,פחת שנצבר רהיטים ואביזרים,6111-8160
C,8170,רכוש קבוע,שיערוך רכוש קבוע כנגד קרן הון,6111-8170
C,8180,רכוש קבוע,הפרשה לירידת ערך,6111-8180
C,8190,רכוש קבוע,פחת שנצבר רכוש קבוע אחר,6111-8190
C,8710,נכסים לא שוטפים מוחזקים למכירה,נכסים לא שוטפים מוחזקים למכירה,6111-8710
C,8210,הוצאות מראש לזמן ארוך,בגין גיוס הלוואות,6111-8210
C,8220,הוצאות מראש לזמן ארוך,בגין שכירות לזמן ארוך,6111-8220
C,8290,הוצאות מראש לזמן ארוך,אחרות,6111-8290
C,8315,השקעות בחברות מוחזקות כלולות ומאוחדות,השקעות המוצגות לפי שווי מאזני,6111-8315
C,8325,השקעות בחברות מוחזקות כלולות ומאוחדות,השקעות המוצגות לפי שווי הוגן,6111-8325
C,8335,השקעות בחברות מוחזקות כלולות ומאוחדות,השקעות המוצגות לפי עלות,6111-8335
C,8340,השקעות בחברות מוחזקות כלולות ומאוחדות,הלוואות,6111-8340
C,8350,השקעות בחברות מוחזקות כלולות ומאוחדות,שטרי הון,6111-8350
C,8410,"השקעות בחברות אחרות כולל ני""ע סחירים מוחזקים לזמן ארוך",השקעות בחברות אחרות,6111-8410
C,8420,"השקעות בחברות אחרות כולל ני""ע סחירים מוחזקים לזמן ארוך",הלוואות לחברות אחרות,6111-8420
C,8440,"השקעות בחברות אחרות כולל ני""ע סחירים מוחזקים לזמן ארוך","השקעות בני""ע סחירים",6111-8440
C,8450,"השקעות בחברות אחרות כולל ני""ע סחירים מוחזקים לזמן ארוך",שטרי הון,6111-8450
C,8460,"השקעות בחברות אחרות כולל ני""ע סחירים מוחזקים לזמן ארוך",השקעה בשותפות,6111-8460
C,8490,"השקעות בחברות אחרות כולל ני""ע סחירים מוחזקים לזמן ארוך",השקעות אחרות,6111-8490
C,8510,מסים נדחים לזמן ארוך,בגין התחייבות לפיצויים,6111-8510
C,8520,מסים נדחים לזמן ארוך,בגין רכוש קבוע,6111-8520
C,8590,מסים נדחים לזמן ארוך,אחר,6111-8590
C,8610,הוצאות נדחות ורכוש אחר,מוניטין,6111-8610
C,8620,הוצאות נדחות ורכוש אחר,הוצאות יסוד,6111-8620
C,8630,הוצאות נדחות ורכוש אחר,פטנט זכויות יוצרים,6111-8630
C,8640,הוצאות נדחות ורכוש אחר,שיערוך נכסים בלתי מוחשיים כנגד קרן הון,6111-8640
C,8690,הוצאות נדחות ורכוש אחר,אחרות,6111-8690
C,9110,בנקים והלוואות לזמן קצר,בנקים ומשיכות יתר,6111-9110
C,9120,בנקים והלוואות לזמן קצר,הלוואות לזמן קצר,6111-9120
C,9130,בנקים והלוואות לזמן קצר,חלויות שוטפות של הלוואות לזמן ארוך,6111-9130
C,9140,בנקים והלוואות לזמן קצר,הלוואות מתושבי חוץ,6111-9140
C,9151,בנקים והלוואות לזמן קצר,הלוואות מצדדים קשורים בארץ,6111-9151
C,9152,בנקים והלוואות לזמן קצר,"הלוואות מצדדים קשורים בחו""ל",6111-9152
C,9190,בנקים והלוואות לזמן קצר,הלוואות מאחרים,6111-9190
C,9210,ספקים ונותני שירותים,ספקים בישראל,6111-9210
C,9220,ספקים ונותני שירותים,"ספקים בחו""ל",6111-9220
C,9230,ספקים ונותני שירותים,שטרות והמחאות לפרעון,6111-9230
C,9290,ספקים ונותני שירותים,ספקים ונותני שירותים אחרים,6111-9290
C,9310,זכאים ויתרות זכות,עובדים,6111-9310
C,9320,זכאים ויתרות זכות,הפרשות לחופשה והבראה,6111-9320
C,9330,זכאים ויתרות זכות,מוסדות בגין עובדים,6111-9330
C,9340,זכאים ויתרות זכות,מס הכנסה הפרשות בניכוי מקדמות,6111-9340
C,9350,זכאים ויתרות זכות,מוסדות ממשלתיים אחרים,6111-9350
C,9360,זכאים ויתרות זכות,"הכנסות ע""ח מראש",6111-9360
C,9370,זכאים ויתרות זכות,מקדמות מלקוחות,6111-9370
C,9410,זכאים ויתרות זכות,הכנסות אחרות מראש,6111-9410
C,9420,זכאים ויתרות זכות,הוצאות לשלם,6111-9420
C,9431,זכאים ויתרות זכות,צדדים קשורים בארץ,6111-9431
C,9432,זכאים ויתרות זכות,"צדדים קשורים בחו""ל",6111-9432
C,9435,זכאים ויתרות זכות,בעלי מניות,6111-9435
C,9440,זכאים ויתרות זכות,הפרשה לאחריות ותיקונים,6111-9440
C,9450,זכאים ויתרות זכות,הפרשה לתביעות,6111-9450
C,9460,זכאים ויתרות זכות,הפרשות תלויות אחרות,6111-9460
C,9470,זכאים ויתרות זכות,בונוסים ומענקים לשלם,6111-9470
C,9480,זכאים ויתרות זכות,דיבידנד לשלם,6111-9480
C,9490,זכאים ויתרות זכות,זכאים אחרים ויתרות זכות,6111-9490
C,9510,עתודה למסים נדחים לזמן קצר,בגין עובדים,6111-9510
C,9520,עתודה למסים נדחים לזמן קצר,בגין הפסדים להעברה,6111-9520
C,9530,עתודה למסים נדחים לזמן קצר,מסים נדחים אחרים,6111-9530
C,9605,התחייבויות לזמן ארוך,אומדן עלות סילוק ופינוי,6111-9605
C,9610,התחייבויות לזמן ארוך,בנקים,6111-9610
C,9620,התחייבויות לזמן ארוך,הלוואות לזמן ארוך בניכוי חלויות שוטפות,6111-9620
C,9631,התחייבויות לזמן ארוך,הלוואות מצדדים קשורים בארץ,6111-9631
C,9632,התחייבויות לזמן ארוך,"הלוואות מצדדים קשורים בחו""ל",6111-9632
C,9640,התחייבויות לזמן ארוך,הלוואות מתושבי חוץ,6111-9640
C,9650,התחייבויות לזמן ארוך,הלוואות לזמן ארוך מאחרים,6111-9650
C,9660,התחייבויות לזמן ארוך,שטרי הון,6111-9660
C,9670,התחייבויות לזמן ארוך,"אג""ח",6111-9670
C,9690,התחייבויות לזמן ארוך,אחרות,6111-9690
C,9710,התחייבויות בשל סיום יחסי עובד-מעביד,עתודה לפיצויים,6111-9710
C,9720,התחייבויות בשל סיום יחסי עובד-מעביד,יעודה לפיצויים,6111-9720
C,9790,התחייבויות בשל סיום יחסי עובד-מעביד,הפרשות אחרות,6111-9790
C,9810,עתודה למסים נדחים לזמן ארוך,בגין התחייבות לפיצויים,6111-9810
C,9820,עתודה למסים נדחים לזמן ארוך,בגין רכוש קבוע,6111-9820
C,9890,עתודה למסים נדחים לזמן ארוך,אחר,6111-9890
C,9910,הון עצמי,"הון מניות, הון בעל העסק, הון השותפות",6111-9910
C,9920,הון עצמי,פרמיה על מניות,6111-9920
C,9930,הון עצמי,קרנות הון,6111-9930
C,9940,הון עצמי,"תקבולים ע""ח מניות",6111-9940
C,9950,הון עצמי,"תקבולים ע""ח אופציות",6111-9950
C,9960,הון עצמי,רכישה עצמית של ניירות ערך הוניים,6111-9960
C,9980,הון עצמי,רווח (הפסד) שנצבר,6111-9980
